filename,input_text,target_text,generated_summary,bert_similarity,rouge1,rouge2,rougeL,rougeLsum
ARXIV_2409_18013.json,"<TASK> Summarize this abstract for high-school audience while highlight importance of contributions </TASK> <ABSTRACT> <BACKGROUND>Data-driven simulation of physical systems has recently kindled significant attention, where many neural models have been developed.</BACKGROUND> <BACKGROUND>In particular, mesh-based graph neural networks (GNNs) have demonstrated significant potential in predicting spatiotemporal dynamics across arbitrary geometric domains.</BACKGROUND> <BACKGROUND>However, the existing node-edge message passing mechanism in GNNs limits the model's representation learning ability.</BACKGROUND> <CONTRIBUTION>In this paper, we proposed a cell-embedded GNN model (aka CeGNN) to learn spatiotemporal dynamics with lifted performance.</CONTRIBUTION> <CONTRIBUTION>Specifically, we introduce a learnable cell attribution to the node-edge message passing process, which better captures the spatial dependency of regional features.</CONTRIBUTION> <CONTRIBUTION>Such a strategy essentially upgrades the local aggregation scheme from the first order (e.g., from edge to node) to a higher order (e.g., from volume to edge and then to node), which takes advantage of volumetric information in message passing.</CONTRIBUTION> <CONTRIBUTION>Meanwhile, a novel feature-enhanced block is designed to further improve the performance of CeGNN and relieve the over-smoothness problem, via treating the latent features as basis functions.</CONTRIBUTION> <CONTRIBUTION>The extensive experiments on various PDE systems and one real-world dataset demonstrate that CeGNN achieves superior performance compared with other baseline models, particularly reducing the prediction error with up to 1 orders of magnitude on several PDE systems.</CONTRIBUTION> </ABSTRACT>","CeGNN is a new AI model that watches how linked regions change over time. It adds two key ideas to keep important details from disappearing as data flows through the network. First, it uses a “cell” step that stores crucial information before it gets mixed in. Second, it adds extra feature blocks that help the model remember what matters. Unlike older methods that only pass messages along connections, CeGNN also looks at how the size (volume) of each region grows or shrinks. In tests on both computer-generated physics problems and real-world data, CeGNN cut its prediction errors by up to ten times compared to earlier graph-based models.","The paper proposes a cell-embedded GNN model to learn spatiotemporal dynamics with lifted performance. CeGNN achieves superior performance compared with other baseline models, particularly reducing the prediction error with up to 1 orders of magnitude on several PDE systems. A novel feature-enhanced block is designed to further improve the performance and relieve the over-smoothness problem.",0.44246113,28.57142857142857,3.614457831325301,13.095238095238093,23.809523809523807
ARXIV_1604_05722.json,"<TASK> Summarize this abstract for high-school audience while highlight importance of contributions </TASK> <ABSTRACT> <BACKGROUND>The eclipses of certain types of binary millisecond pulsars (i.e. ‘black widows’ and ‘redbacks’) are often studied using high-time-resolution, ‘beamformed’ radio observations.</BACKGROUND> <BACKGROUND>However, they may also be detected in images generated from interferometric data.</BACKGROUND> <CONTRIBUTION>As part of a larger imaging project to characterize the variable and transient sky at radio frequencies $<200,\mathrm{MHz}$, we have blindly detected the redback system PSR~J2215+5135 as a variable source of interest with the Low-Frequency Array (LOFAR).</CONTRIBUTION> <CONTRIBUTION>Using observations with cadences of two weeks--six months, we find preliminary evidence that the eclipse duration is frequency dependent ($\propto\nu^{-0.4}$), such that the pulsar is eclipsed for longer at lower frequencies, in broad agreement with beamformed studies of other similar sources.</CONTRIBUTION> <CONTRIBUTION>Furthermore, the detection of the eclipses in imaging data suggests an eclipsing medium that absorbs the pulsed emission, rather than scattering it.</CONTRIBUTION> <CONTRIBUTION>Our study is also a demonstration of the prospects of finding pulsars in wide-field imaging surveys with the current generation of low-frequency radio telescopes.</CONTRIBUTION> </ABSTRACT>","Pulsars are spinning neutron stars that send out regular radio pulses. Instead of using special narrow scans, these scientists used LOFAR—a radio telescope that takes wide‐field sky images—to spot the pulsar PSR J2215+5135. They found that when the pulsar is eclipsed (its signal disappears), the eclipse lasts longer at lower radio frequencies in a simple pattern: lower frequency means a longer eclipse. By watching exactly when the pulses vanished, they showed the radio waves are absorbed by the blocking material, not just scattered away. This work proves that using wide‐field, low‐frequency images is a powerful new way to find and study pulsars.","The eclipses of certain types of binary millisecond pulsars are often studied using high-time-resolution, ‘beamformed’ radio observations. However, they may also be detected in images generated from interferometric data. Using observations with cadences of two weeks--six months, we find preliminary evidence that the eclipse duration is frequency dependent.",0.78094155,22.641509433962263,2.547770700636943,11.320754716981131,17.61006289308176
ARXIV_1912_01184.json,"<TASK> Summarize this abstract for high-school audience while highlight importance of contributions </TASK> <ABSTRACT> <BACKGROUND>Black holes and wormholes are solutions of Einstein's field equations, both of which, from afar, can look like a central mass.</BACKGROUND> <CONTRIBUTION>We show here that although at large distances both behave like Newtonian objects, close to the event horizon or to the throat, black holes and wormholes have different tidal effects on stars, due to their respective geometries.</CONTRIBUTION> <CONTRIBUTION>We quantify this difference by a numerical procedure in the Schwarzschild black hole and the exponential wormhole backgrounds, and compare the peak fallback rates of tidal debris in these geometries.</CONTRIBUTION> <CONTRIBUTION>The tidal disruption rates in these backgrounds are also computed.</CONTRIBUTION> <CONTRIBUTION>It is shown that these quantities are a few times higher for wormholes, compared to the black hole cases.</CONTRIBUTION> </ABSTRACT>","This study explains that black holes and wormholes, though they seem the same from far away, actually pull stars apart in different ways when you get close. Using computer simulations, the researchers measured how often stars break up and how much debris falls back near both Schwarzschild black holes and exponential-model wormholes. They found wormholes cause a few times more stellar disruption and debris return than black holes, suggesting a clear method to tell these exotic objects apart.","Black holes and wormholes are solutions of Einstein's field equations. At large distances both behave like Newtonian objects. But close to the event horizon, black holes have different tidal effects on stars. We quantify this difference by a numerical procedure in the Schwarzschild black hole and the exponential wormhole backgrounds.",0.6917664,35.384615384615394,10.9375,21.53846153846154,27.6923076923077
ARXIV_2407_02876.json,"<TASK> Summarize this abstract for high-school audience while highlight importance of contributions </TASK> <ABSTRACT> <BACKGROUND>Mobile robots, becoming increasingly autonomous, are capable of operating in diverse and unknown environments.</BACKGROUND> <BACKGROUND>This flexibility allows them to fulfill goals independently and adapting their actions dynamically without rigidly predefined control codes.</BACKGROUND> <BACKGROUND>However, their autonomous behavior complicates guaranteeing safety and reliability due to the limited influence of a human operator to accurately supervise and verify each robot's actions.</BACKGROUND> <BACKGROUND>To ensure autonomous mobile robot's safety and reliability, which are aspects of dependability, methods are needed both in the planning and execution of missions for autonomous mobile robots.</BACKGROUND> <CONTRIBUTION>In this article, a twofold approach is presented that ensures fault removal in the context of mission planning and fault prevention during mission execution for autonomous mobile robots.</CONTRIBUTION> <CONTRIBUTION>First, the approach consists of a concept based on formal verification applied during the planning phase of missions.</CONTRIBUTION> <CONTRIBUTION>Second, the approach consists of a rule-based concept applied during mission execution.</CONTRIBUTION> <CONTRIBUTION>A use case applying the approach is presented, discussing how the two concepts complement each other and what contribution they make to certain aspects of dependability.</CONTRIBUTION> </ABSTRACT>","Autonomous robots can explore on their own, but it’s hard to keep them safe when no one can watch every step. This paper introduces two new ideas to solve this. First, it uses a mathematical check on the robot’s mission plan before it starts to catch any mistakes early. Second, it adds a simple rule-based system that watches the robot during its mission and stops things if something goes wrong. Together, these methods find errors before they happen and prevent problems in real time, making self-driving robots much more reliable.","Mobile robots, becoming increasingly autonomous, are capable of operating in diverse and unknown environments. Their autonomous behavior complicates guaranteeing safety and reliability due to the limited influence of a human operator to accurately supervise and verify each robot's actions. methods are needed both in the planning and execution of missions for autonomous mobile robots.",0.6586098,24.161073825503355,1.3605442176870748,12.080536912751677,16.10738255033557
ARXIV_1807_01978.json,"<TASK> Summarize this abstract for high-school audience while highlight importance of contributions </TASK> <ABSTRACT> <BACKGROUND>We study the relation between the metallicity of quasar broad line region (BLR) and black hole (BH) mass ($10^{7.5}M_{\odot} \sim 10^{10}M_{\odot}$) and quasar bolometric luminosity ($10^{44.6}erg/s \sim 10^{48} erg/s$) using a sample of $\sim$130,000 quasars at $2.25\leq z\leq 5.25$ from Sloan Digital Sky Survey (SDSS) Data Release 12 (DR12).</BACKGROUND> <BACKGROUND>We generate composite spectra by stacking individual spectra in the same BH mass (bolometric luminosity) and redshift bins and then estimate the metallicity of quasar BLR using metallicity-sensitive broad emission-line flux ratios based on the photoionization models.</BACKGROUND><CONTRIBUTION>We find a significant correlation between quasar BLR metallicity and BH mass (bolometric luminosity) but no correlation between quasar BLR metallicity and redshift.</CONTRIBUTION> <BACKGROUND>We also compare the metallicity of quasar BLR and that of host galaxies inferred from the mass-metallicity relation of star-forming galaxy at $z\sim2.3$ and $z\sim3.5$.</BACKGROUND><CONTRIBUTION>We find quasar BLR metallicity is 0.3 $\sim$ 1.0 dex higher than their host galaxies.</CONTRIBUTION><CONTRIBUTION>This discrepancy cannot be interpreted by the uncertainty due to different metallicity diagnostic methods, mass-metallicity relation of galaxy, metallicity gradient in quasar host galaxies, BH mass estimation, the effect of different spectral energy distribution (SED) models, and a few other potential sources of uncertainties.</CONTRIBUTION><CONTRIBUTION>We propose a possibility that the high metallicity in quasar BLR might be caused by metal enrichment from massive star formation in the nucleus region of quasars or even the accretion disk.</CONTRIBUTION> </ABSTRACT>","Quasars with bigger black holes or brighter light have more metals in their surrounding gas clouds, and this metal richness stays the same no matter how far away the quasars are. The gas right near these quasars is about two to ten times richer in metals than the galaxies that host them. The researchers checked their methods carefully to make sure these results weren’t just measurement errors. They think that bursts of massive star formation—either very close to the black hole or in the disk of material falling into it—could explain why these regions are so full of metals.",We study the relation between the metallicity of quasar broad line region (BLR) and black hole (BH) mass. We find a significant correlation between BLR metalicity and BH mass (bolometric luminosity) but no correlation with redshift.,0.6386978,17.39130434782609,1.4705882352941175,10.144927536231885,15.942028985507248
ARXIV_quant_ph_9607025.json,"<TASK> Summarize this abstract for high-school audience while highlight importance of contributions </TASK> <ABSTRACT> <BACKGROUND>In the first part (Sections 1 and 2) of this paper ––starting from the Pauli current, in the ordinary tensorial language–– we obtain the decomposition of the non-relativistic field velocity into two orthogonal parts: (i) the “classical” part, that is, the 3-velocity w = p/m of the center-of-mass (CM), and (ii) the so-called “quantum” part, that is, the 3-velocity V of the motion in the CM frame (namely, the internal “spin motion” or zitterbewegung).</BACKGROUND> <BACKGROUND>By inserting such a complete, composite expression of the velocity into the kinetic energy term of the non-relativistic classical (i.e., Newtonian) Lagrangian, we straightforwardly get the appearance of the so-called “quantum potential” associated, as it is known, with the Madelung fluid.</BACKGROUND><CONTRIBUTION>This result carries further evidence that the quantum behaviour of micro-systems can be a direct consequence of the fundamental existence of spin.</CONTRIBUTION><CONTRIBUTION>In the second part (Sections 3 and 4), we fix our attention on the total 3-velocity v = w + V, it being now necessary to pass to relativistic (classical) physics; and we show that the proper time entering the definition of the four-velocity v^μ for spinning particles has to be the proper time τ of the CM frame.</CONTRIBUTION><CONTRIBUTION>Inserting the correct Lorentz factor into the definition of v^μ leads to completely new kinematical properties for v_μ v^μ.</CONTRIBUTION><CONTRIBUTION>The important constraint p_μ v^μ = m, identically true for scalar particles, but just assumed a priori in all previous spinning particle theories, is herein derived in a self-consistent way.</CONTRIBUTION> </ABSTRACT>","This paper shows that the odd “quantum potential” effects in tiny particles come just from their spin, like a built-in twist. Next, the authors update Einstein’s relativity by choosing the right “clock” to track time for spinning particles. They find new rules for how these particles move when they go very fast. Finally, they work out the key physics formula 𝑝 ⋅ 𝑣 = 𝑚 (momentum times velocity equals mass) from the ground up instead of just taking it for granted.","This result carries further evidence that the quantum behaviour of micro-systems can be a direct consequence of the fundamental existence of spin. The important constraint p_μ v^μ = m, identically true for scalar particles, but just assumed a priori in all previous spinning particle theories, is herein derived in a self-consistent way.",0.5993097,24.427480916030532,3.10077519379845,15.267175572519085,21.37404580152672
ARXIV_2503_07951.json,"<TASK> Summarize this abstract for high-school audience while highlight importance of contributions </TASK> <ABSTRACT> <BACKGROUND>α-MnTe, an A-type collinear antiferromagnet, has recently attracted significant attention due to its pronounced spin splitting despite having net zero magnetization, a phenomenon unique for a new class of magnetism dubbed altermagnetism.</BACKGROUND> ​","This study looks at a material called α-MnTe, which has tiny magnets that cancel each other out but still create a strong split in electron spins. The authors built a simple mathematical model using the crystal’s symmetry rules and computer simulations to show how electrons move differently at important spots in the crystal. They discovered that the usually weak spin-orbit interaction actually drives this big effect. Finally, their work gives scientists a clear plan for testing these new “altermagnetic” behaviors in the lab.","α-MnTe, an A-type collinear antiferromagnet, has recently attracted significant attention due to its pronounced spin splitting despite having net zero magnetization. This is a phenomenon unique for a new class of magnetism dubbed altermag netism.",0.7074092,19.834710743801654,0.0,13.223140495867769,16.528925619834713
ARXIV_2308_09191.json,"<TASK> Summarize this abstract for high-school audience while highlight importance of contributions </TASK> <ABSTRACT> <BACKGROUND>The potential of integrating public transit with ridesharing includes shorter travel time for commuters and higher occupancy rate of personal vehicles and public transit ridership.</BACKGROUND> <BACKGROUND>In this paper, we describe a centralized transit system that integrates public transit and ridesharing to reduce travel time for commuters.</BACKGROUND> <BACKGROUND>In the system, a set of ridesharing providers (drivers) and a set of public transit riders are received.</BACKGROUND> <BACKGROUND>The optimization goal of the system is to assign riders to drivers by arranging public transit and ridesharing combined routes subject to shorter commuting time for as many riders as possible.</BACKGROUND><CONTRIBUTION>We give an exact algorithm, which is an ILP formulation based on a hypergraph representation of the problem.</CONTRIBUTION> <CONTRIBUTION>By using the ILP and the hypergraph, we give approximation algorithms based on LP-rounding and hypergraph matching/weighted set packing, respectively.</CONTRIBUTION> <CONTRIBUTION>As a case study, we conduct an extensive computational study based on real-world public transit dataset and ridesharing dataset in Chicago city.</CONTRIBUTION> <CONTRIBUTION>To evaluate the effectiveness of the transit system and our algorithms, we generate data instances from the datasets.</CONTRIBUTION> <CONTRIBUTION>The experimental results show that more than 60% of riders are assigned to drivers on average, riders' commuting time is reduced by 23% and vehicle occupancy rate is improved to almost 3.</CONTRIBUTION> <CONTRIBUTION>Our proposed algorithms are efficient for practical scenarios.</CONTRIBUTION> </ABSTRACT>","This paper builds a system that uses both buses/trains and shared rides to help people travel faster. It creates a precise algorithm and simpler approximation methods to match riders with drivers, and tests these on Chicago data, finding that it cuts travel time by 23%, matches over 60% of riders, and boosts vehicle use to nearly three people per trip. These findings show their methods work well in real life.","The potential of integrating public transit with ridesharing includes shorter travel time for commuters. The optimization goal of the system is to assign riders to drivers. More than 60% of riders are assigned to driver on average, riders' commuting time is reduced by 23% and vehicle occupancy rate is improved to almost 3.",0.69192535,27.419354838709676,6.557377049180328,19.35483870967742,22.58064516129032
ARXIV_astro_ph_0205031.json,"<TASK> Summarize this abstract for high-school audience while highlight importance of contributions </TASK> <ABSTRACT> <CONTRIBUTION>We present new Hubble Space Telescope, high-resolution optical imaging of the submillimeter luminous Lyman break galaxy (LBG), Westphal-MMD 11, an interacting starburst at z = 2.979.</CONTRIBUTION> <CONTRIBUTION>The new imaging data, in conjunction with reanalysis of Keck optical and near-IR spectra, demonstrate MMD 11 to be an interacting system of at least three components: a luminous blue source, a fainter blue source, and an extremely red object (ERO) with R–K ≳ 6.</CONTRIBUTION> <BACKGROUND>The separations between components are ∼8 kpc (Λ = 0.7, ΩM = 0.3, h = 0.65), similar to some of the local ultraluminous infrared galaxies (ULIGs).</BACKGROUND> <CONTRIBUTION>The lack of obvious active galactic nucleus in MMD 11, along with the fragmented, early-stage merger morphology, suggest a young forming environment.</CONTRIBUTION> <CONTRIBUTION>While we cannot unambiguously identify the location of the far-IR emission within the system, analogy to similar ULIGs suggests the ERO as the likely far-IR source.</CONTRIBUTION> <CONTRIBUTION>The greater than 10¹² L☉ bolometric luminosity of MMD 11 can be predicted reasonably from its rest-frame UV properties once all components are taken into account; however, this is not typically the case for local galaxies of similar luminosities.</CONTRIBUTION> <BACKGROUND>While LBGs as red in g–R and R–K as MMD 11 are rare, they can only be found over the restricted 2.7 < z < 3.0 range.</BACKGROUND> <CONTRIBUTION>Therefore, a substantial number of MMD 11-like galaxies (≃0.62 arcmin⁻²) may exist when integrated over the likely redshift range of SCUBA sources (z = 1–5), suggesting that SCUBA sources should not necessarily be seen as completely orthogonal to optically selected galaxies.</CONTRIBUTION> </ABSTRACT>","This paper looks at new images from the Hubble and Keck telescopes. It shows that Westphal-MMD 11 is actually three galaxies interacting with each other. The authors also identify which of the three shines brightest in infrared light. They then measure its ultraviolet brightness and use that to suggest that other rare, red “Lyman break” galaxies were actually quite common in the early universe. Finally, they demonstrate that combining data from different telescopes can uncover hidden shapes and intense bursts of star formation in very distant galaxies.","New Hubble Space Telescope, high-resolution optical imaging of the submillimeter luminous Lyman break galaxy (LBG) Westphal-MMD 11, an interacting starburst at z = 2.979. The lack of obvious active galactic nucleus in MMD 11 and the fragmented, early-stage merger morphology suggest a young forming environment.",0.76930696,30.88235294117647,7.46268656716418,19.11764705882353,26.47058823529412
ARXIV_1411_7798.json,"<TASK> Summarize this abstract for high-school audience while highlight importance of contributions </TASK> <ABSTRACT> <BACKGROUND>In multimedia applications, the text and image components in a web document form a pairwise constraint that potentially indicates the same semantic concept.</BACKGROUND> <BACKGROUND>This paper studies cross-modal learning via the pairwise constraint and aims to find the common structure hidden in different modalities.</BACKGROUND> <CONTRIBUTION>We first propose a compound regularization framework to address the pairwise constraint, which can be used as a general platform for developing cross-modal algorithms.</CONTRIBUTION> <CONTRIBUTION>For unsupervised learning, we propose a multi-modal subspace clustering method to learn a common structure for different modalities.</CONTRIBUTION> <CONTRIBUTION>For supervised learning, to reduce the semantic gap and the outliers in pairwise constraints, we propose a cross-modal matching method based on compound ℓ21 regularization.</CONTRIBUTION> <CONTRIBUTION>Extensive experiments demonstrate the benefits of joint text and image modeling with semantically induced pairwise constraints, and they show that the proposed cross-modal methods can further reduce the semantic gap between different modalities and improve the clustering/matching accuracy.</CONTRIBUTION> </ABSTRACT>","This paper shows how to link text and images by finding shared hidden patterns. The authors build a new mathematical framework and use it to create two tools: one that groups text and images without labels, and another that matches them when labels are present. Their tests prove these tools work better at reducing mistakes and improving accuracy in combining text and image data.","This paper studies cross-modal learning via the pairwise constraint. It aims to find the common structure hidden in different modalities. For unsupervised learning, we propose a multi- modal subspace clustering method. To reduce the semantic gap and the outliers in Pairwise constraints, We propose an algorithm based on compound ℓ21 regularization.",0.36970675,20.689655172413794,1.7543859649122806,17.24137931034483,20.689655172413794
ARXIV_2403_06250.json,"<TASK> Summarize this abstract for high-school audience while highlight importance of contributions </TASK> <ABSTRACT> <BACKGROUND>This paper considers averaging operators on various algebraic structures and studies the induced structures.</BACKGROUND> <CONTRIBUTION>We first introduce the notion of an averaging operator on a group $G$ and show that it induces a rack structure.</CONTRIBUTION> <CONTRIBUTION>Moreover, the given group structure and the induced rack structure form a group-rack.</CONTRIBUTION> <CONTRIBUTION>We observe that any pointed group-rack can be embedded into an averaging group.</CONTRIBUTION> <CONTRIBUTION>We show that the differentiation of a smooth pointed averaging operator on a Lie group gives rise to an averaging operator on the corresponding Lie algebra.</CONTRIBUTION> <CONTRIBUTION>Next, we consider averaging operators on a rack that induces a hierarchy of new rack structures.</CONTRIBUTION> <CONTRIBUTION>Moreover, any two racks with increasing hierarchy levels form a rack-pairing, a structure that is related to two-sided skew braces by conjugation.</CONTRIBUTION> <CONTRIBUTION>We also consider averaging operators on cocommutative Hopf algebras and braided vector spaces in relations to averaging operators on groups, Lie algebras and racks.</CONTRIBUTION> <CONTRIBUTION>In the end, we define averaging operators on a Leibniz algebra, find the induced structure and show that the differentiation of a smooth pointed averaging operator on a pointed Lie rack yields an averaging operator on the corresponding Leibniz algebra.</CONTRIBUTION> </ABSTRACT>","This work shows how a simple “averaging” rule in algebra can build new structures. First, the authors add averaging operators to groups to create rack-like systems. Next, they link these ideas to Lie and Leibniz algebras using a process like differentiation. Finally, they extend the averaging rule to more advanced settings such as Hopf algebras and braided spaces. Altogether, these steps reveal a connected web of algebraic objects that help us understand symmetry and structure more clearly.",This paper considers averaging operators on various algebraic structures and studies the induced structures. We first introduce the notion of an averaging operator on a group $G$ and show that it induces a rack structure. Any pointed group-rack can be embedded into an average group. The differentiation of a smooth pointed averaging. operator in a Lie group gives rise to an averaged operator. on the corresponding Lie algebra.,0.7470958,36.73469387755102,1.3793103448275863,20.408163265306122,31.292517006802722
ARXIV_2206_15306.json,"<TASK> Summarize this abstract for high-school audience while highlight importance of contributions </TASK> <ABSTRACT> <BACKGROUND>Recent work on deep learning for tabular data demonstrates the strong performance of deep tabular models, often bridging the gap between gradient boosted decision trees and neural networks.</BACKGROUND> <BACKGROUND>Accuracy aside, a major advantage of neural models is that they learn reusable features and are easily fine-tuned in new domains.</BACKGROUND> <BACKGROUND>This property is often exploited in computer vision and natural language applications, where transfer learning is indispensable when task-specific training data is scarce.</BACKGROUND> <CONTRIBUTION>In this work, we demonstrate that upstream data gives tabular neural networks a decisive advantage over widely used GBDT models.</CONTRIBUTION> <CONTRIBUTION>We propose a realistic medical diagnosis benchmark for tabular transfer learning, and we present a how-to guide for using upstream data to boost performance with a variety of tabular neural network architectures.</CONTRIBUTION> <CONTRIBUTION>Finally, we propose a pseudo-feature method for cases where the upstream and downstream feature sets differ, a tabular-specific problem widespread in real-world applications.</CONTRIBUTION> <BACKGROUND>Our code is available at https://github.com/LevinRoman/tabular-transfer-learning .</BACKGROUND> </ABSTRACT>","This paper shows how neural networks can learn from one table of data and then help with a different one—a big deal when medical data is scarce. First, the authors create a realistic medical test to check how well this “transfer learning” works. Next, they give a simple, step-by-step guide for using these pre-trained table models in practice. Finally, they introduce a clever trick called “pseudo-features” that fills in missing or mismatched data fields. Together, these ideas make it much easier to use deep learning on real-world tables.","Recent work on deep learning for tabular data demonstrates the strong performance of deep Tabular models. We present a how-to guide for using upstream data to boost performance with a variety of neural network architectures. Finally, we propose a pseudo-feature method for cases where the upstream and downstream feature sets differ.",0.62912375,35.374149659863946,8.275862068965518,16.3265306122449,29.931972789115648
ARXIV_physics_0606220.json,"<TASK> Summarize this abstract for high-school audience while highlight importance of contributions </TASK> <ABSTRACT> <BACKGROUND>Two aspects required to establish a planning in orthognatic surgery are addressed in this paper.</BACKGROUND> <BACKGROUND>First, a 3D cephalometric analysis, which is clinically essential for the therapeutic decision.</BACKGROUND> <CONTRIBUTION>Then, an original method to build a biomechanical model of patient face soft tissue, which provides evaluation of the aesthetic outcomes of an intervention.</CONTRIBUTION> <BACKGROUND>Both points are developed within a clinical application context for computer aided maxillofacial surgery.</BACKGROUND> </ABSTRACT>","Surgeons can now plan jaw surgery with two computer steps in one program. First, they build a 3D model of the patient’s skull to see exactly how the bones will move. Then, they use a new soft-tissue simulator that predicts how the skin and muscles will shift, so they can preview the patient’s new face before the operation. By combining both steps into easy-to-use clinical software, doctors get more accurate surgery plans and safer results for their patients.","Two aspects required to establish a planning in orthognatic surgery are addressed in this paper. First, a 3D cephalometric analysis, which is clinically essential for the therapeutic decision. Then, an original method to build a biomechanical model of patient face soft tissue. Both points are developed within a clinical application context for computer aided maxillofacial surgery.",0.59950817,34.53237410071942,5.839416058394161,20.14388489208633,28.776978417266186
ARXIV_1806_01393.json,"<TASK> Summarize this abstract for high-school audience while highlight importance of contributions </TASK> <ABSTRACT> <BACKGROUND>The deterministic (timing) behavior of real-time systems (RTS) can be used by adversaries—say, to launch side channel attacks or even destabilize the system by denying access to critical resources.</BACKGROUND> <CONTRIBUTION>We propose a protocol (named REORDER) to obfuscate this predictable timing behavior of RTS, especially ones designed using dynamic-priority scheduling algorithms (e.g., EDF).</CONTRIBUTION> <CONTRIBUTION>We also present a metric (named ""schedule entropy"") that measures the levels of obfuscation introduced into a given real-time system.</CONTRIBUTION> <CONTRIBUTION>The REORDER protocol was integrated into the standard Linux real-time scheduler and evaluated on a realistic embedded platform (Raspberry Pi) running the MiBench automotive benchmark workloads.</CONTRIBUTION> <CONTRIBUTION>We also demonstrate how designers of RTS can increase the security of their systems and also quantitatively measure the impact (both in terms of security and performance) of using this protocol.</CONTRIBUTION> </ABSTRACT>","This paper looks at real-time systems that run tasks in very predictable ways—something attackers can use to their advantage. The authors introduce a method called REORDER that scrambles the order and timing of tasks so they’re much harder to guess. They also define “schedule entropy”, a simple score that shows how well the scrambling hides the pattern. Finally, they test REORDER on a Raspberry Pi and prove it boosts security without slowing down performance.","Real-time systems (RTS) can be used by adversaries to launch side channel attacks or destabilize the system by denying access to critical resources. We propose a protocol to obfuscate this predictable timing behavior of RTS, especially ones designed using dynamic-priority scheduling algorithms.",0.6727902,24.793388429752067,3.361344537815126,18.181818181818183,21.487603305785125
ARXIV_2404_11904.json,"<TASK> Summarize this abstract for high-school audience while highlight importance of contributions </TASK> <ABSTRACT><BACKGROUND>Higher-order theories of gravity are a branch of modified gravity wherein the geometrodynamics of the four-dimensional Riemannian manifold is determined by field equations involving derivatives of the metric tensor of order higher than two.</BACKGROUND> <BACKGROUND>This paper considers a general action built with the Einstein–Hilbert term plus additional curvature-based invariants, viz.\ the Starobinsky $R^{2}$-type term, a term scaling with $R^{3}$, and a correction of the type $R\square R$.</BACKGROUND> <BACKGROUND>The focus is on the background inflationary regime accommodated by these three models.</BACKGROUND><BACKGROUND>For that, the higher-order field equations are built and specified for the FLRW line element.</BACKGROUND> <BACKGROUND>The dynamical analysis in the phase space is carried in each case.</BACKGROUND> <CONTRIBUTION>This analysis shows that the Starobinsky-plus-$R^{3}$ model keeps the good features exhibited by the pure Starobinsky inflationary model, although the set of initial conditions for the inflaton field $\chi$ leading to a graceful exit scenario is more contrived; the coupling constant $\alpha_{0}$ of the $R^{3}$ invariant is also constrained by the dynamical analysis.</CONTRIBUTION> <CONTRIBUTION>The Starobinsky-plus-$R\square R$ model turns out being a double-field inflation model; it consistently enables an almost-exponential primordial acceleration followed by a radiation dominated universe if its coupling $\beta_{0}$ takes values in the interval $0\leq\beta_{0}\leq3/4$.</CONTRIBUTION> <CONTRIBUTION>The models introducing higher-order correction to Starobinsky inflation are interesting due to the possibility of a running spectral index $n_{s}$, something that is allowed by current CMB observations.</CONTRIBUTION> </ABSTRACT>","The authors looked at what happens when you tweak Einstein’s gravity by adding two extra terms: one involving R-cubed and another involving R-box-R. They found that the R-cubed term still produces the rapid “Starobinsky” inflation phase, but only if you start with very precise initial conditions—this puts a tight limit on its coupling constant alpha_0. They also showed that the R-box-R term behaves like two interacting fields: it brings inflation to a smooth end and leads into the normal hot universe, provided its coupling beta_0 lies between 0 and 3/4. Finally, both of these tweaks change the tiny ripples in the cosmic microwave background just slightly—and those shifts match what we actually observe.",Higher-order theories of gravity are a branch of modified gravity. The geometrodynamics of the four-dimensional Riemannian manifold is determined by field equations. This paper considers a general action built with the Einstein–Hilbert term plus additional curvature-based invariants.,0.27054763,15.66265060240964,0.0,8.433734939759036,13.253012048192772
ARXIV_1506_00902.json,"<TASK> Summarize this abstract for high-school audience while highlight importance of contributions </TASK> <ABSTRACT> <CONTRIBUTION>We propose a novel method to constrain the spatial extent of dust around galaxies through the measurement of dust temperature.</CONTRIBUTION> <CONTRIBUTION>Our method combines the dust emission of galaxies from far-infrared (FIR) image stacking analysis and the quasar reddening due to the dust absorption around galaxies.</CONTRIBUTION> <CONTRIBUTION>As a specific application of our method, we use the stacked FIR emission profiles of SDSS photometric galaxies over the IRAS 100 μm map, and the recent measurement of the SDSS galaxy-quasar cross-correlation.</CONTRIBUTION> <CONTRIBUTION>If we adopt a single-temperature dust model, the resulting temperature is around 18 K, which is consistent with a typical dust temperature for a central part of galaxies.</CONTRIBUTION> <CONTRIBUTION>If we assume an additional dust component with much lower temperature, the current data imply the temperature of the galactic dust needs to be higher, 20 K to 30 K.</CONTRIBUTION> <BACKGROUND>Since the model of the density and temperature distribution of dust adopted in the current paper is very simple, we cannot draw any strong conclusion at this point.</BACKGROUND> <CONTRIBUTION>Nevertheless our novel method with the elaborated theoretical model and multi-band measurement of dust will offer an interesting constraint on the statistical nature of galactic dust.</CONTRIBUTION> </ABSTRACT>","This study describes an easy way to measure dust around galaxies. Scientists use heat-sensitive camera images and see how light from distant quasars turns reddish when it passes through dust. From two large sky surveys, they found that this dust is very cold—about 18 K in a basic model and up to 20–30 K when extra cold dust is added. By combining these two tricks, astronomers can better tell how much dust circles a galaxy and how chilly it really is.","Method combines dust emission of galaxies from far-infrared (FIR) image stacking analysis and the quasar reddening due to the dust absorption around galaxies. If we adopt a single-temperature dust model, the resulting temperature is around 18 K, which is consistent with a typical dust temperature for a central part of galaxy. Current data imply the temperature of the galactic dust needs to be higher, 20 K to 30 K.",0.81040394,32.258064516129025,3.9215686274509802,19.35483870967742,28.387096774193548
ARXIV_1803_06960.json,"<TASK> Summarize this abstract for high-school audience while highlight importance of contributions </TASK> <ABSTRACT> <BACKGROUND>Good tools can bring mechanical verification to programs written in mainstream functional languages.</BACKGROUND> <CONTRIBUTION>We use hs-to-coq to translate significant portions of Haskell's containers library into Coq, and verify it against specifications that we derive from a variety of sources including type class laws, the library's test suite, and interfaces from Coq's standard library.</CONTRIBUTION> <CONTRIBUTION>Our work shows that it is feasible to verify mature, widely-used, highly optimized, and unmodified Haskell code.</CONTRIBUTION> <CONTRIBUTION>We also learn more about the theory of weight-balanced trees, extend hs-to-coq to handle partiality, and -- since we found no bugs -- attest to the superb quality of well-tested functional code.</CONTRIBUTION> </ABSTRACT>","This paper shows how you can use one program to prove that another program works correctly. The authors picked a popular Haskell library and used a tool called hs-to-coq to turn its code into Coq, which is a system for checking proofs. They ran the library’s existing tests inside Coq and used Coq’s logic rules to verify every function. They also upgraded hs-to-coq so it can handle parts of the code that aren’t always defined. Along the way, they discovered new facts about special tree structures. In the end, they found no mistakes, proving that well-tested functional code can be trusted to be correct.","We use hs-to-coq to translate significant portions of Haskell's containers library into Coq. Our work shows that it is feasible to verify mature, widely-used, highly optimized, and unmodified Haskell code. We also learn more about the theory of weight-balanced trees.",0.74681485,31.84713375796179,6.451612903225806,16.560509554140125,24.20382165605096
ARXIV_2108_02941.json,"<TASK> Summarize this abstract for high-school audience while highlight importance of contributions </TASK> <ABSTRACT> <BACKGROUND>Disinformation through fake news is an ongoing problem in our society and has become easily spread through social media.</BACKGROUND> <BACKGROUND>The most cost- and time-effective way to filter these large amounts of data is to use a combination of human and technical interventions to identify it.</BACKGROUND> <BACKGROUND>From a technical perspective, Natural Language Processing (NLP) is widely used in detecting fake news.</BACKGROUND> <BACKGROUND>Social media companies use NLP techniques to identify the fake news and warn their users, but fake news may still slip through undetected.</BACKGROUND> <BACKGROUND>It is especially a problem in more localised contexts (outside the United States of America).</BACKGROUND> <BACKGROUND>How do we adjust fake news detection systems to work better for local contexts such as in South Africa.</BACKGROUND> <CONTRIBUTION>In this work we investigate fake news detection on South African websites.</CONTRIBUTION> <CONTRIBUTION>We curate a dataset of South African fake news and then train detection models.</CONTRIBUTION> <CONTRIBUTION>We contrast this with using widely available fake news datasets (from mostly USA website).</CONTRIBUTION> <CONTRIBUTION>We also explore making the datasets more diverse by combining them and observe the differences in behaviour in writing between nations’ fake news using interpretable machine learning.</CONTRIBUTION> </ABSTRACT>",The researchers gathered news articles from South African websites and trained computer models to spot fake news there. They then compared these models to ones built mostly on U.S. news and used special tools to see how writing styles differ. Their tests showed that tailoring fake-news detectors to local sources and mixing in diverse data makes the systems more accurate and easier to understand for each region.,Fake news is an ongoing problem in our society and has become easily spread through social media. The most cost- and time-effective way to filter these large amounts of data is to use a combination of human and technical interventions. How do we adjust fake news detection systems to work better for local contexts such as in South Africa?,0.72616166,31.007751937984494,3.149606299212598,18.6046511627907,23.25581395348837
ARXIV_2101_12333.json,"<TASK> Summarize this abstract for high-school audience while highlight importance of contributions </TASK> <ABSTRACT> <BACKGROUND>Given an (optimal) dynamic treatment rule, it may be of interest to evaluate that rule – that is, to ask the causal question: what is the expected outcome had every subject received treatment according to that rule?</BACKGROUND> <BACKGROUND>In this paper, we study the performance of estimators that approximate the true value of: 1) an a priori known dynamic treatment rule 2) the true, unknown optimal dynamic treatment rule (ODTR); 3) an estimated ODTR, a so-called “data-adaptive parameter,” whose true value depends on the sample.</BACKGROUND> <CONTRIBUTION>Using simulations of point-treatment data, we specifically investigate: 1) the impact of increasingly data-adaptive estimation of nuisance parameters and/or of the ODTR on performance; 2) the potential for improved efficiency and bias reduction through the use of semiparametric efficient estimators; and, 3) the importance of sample splitting based on CV-TMLE for accurate inference.</CONTRIBUTION> <CONTRIBUTION>In the simulations considered, there was very little cost and many benefits to using the cross-validated targeted maximum likelihood estimator (CV-TMLE) to estimate the value of the true and estimated ODTR; importantly, and in contrast to non cross-validated estimators, the performance of CV-TMLE was maintained even when highly data-adaptive algorithms were used to estimate both nuisance parameters and the ODTR.</CONTRIBUTION> <CONTRIBUTION>In addition, we apply these estimators for the value of the rule to the “Interventions” Study, an ongoing randomized controlled trial, to identify whether assigning cognitive behavioral therapy (CBT) to criminal justice-involved adults with mental illness using an ODTR significantly reduces the probability of recidivism, compared to assigning CBT in a non-individualized way.</CONTRIBUTION> </ABSTRACT>","This paper presents new ways to test how well personalized treatment plans work. First, the authors ran computer simulations to show that a special statistical method stays accurate and fair, even when it uses complicated algorithms. Then they used this approach on a real study of cognitive behavioral therapy for adults in the criminal justice system. They found that picking treatments with their best rule could greatly reduce the number of people who re-offend.","Given an (optimal) dynamic treatment rule, it may be of interest to evaluate that rule. This is to ask the causal question: what is the expected outcome had every subject received treatment according to the rule? In this paper, we study the performance of estimators that approximate the true value of the ODTR.",0.3516817,28.125000000000007,1.5873015873015872,15.625,25.0
ARXIV_2309_00656.json,"<TASK> Summarize this abstract for high-school audience while highlight importance of contributions </TASK> <ABSTRACT> <BACKGROUND>We study how to learn ε-optimal strategies in zero-sum imperfect information games (IIG) with trajectory feedback.</BACKGROUND> <BACKGROUND>In this setting, players update their policies sequentially based on their observations over a fixed number of episodes, denoted by T.</BACKGROUND> <BACKGROUND>Existing procedures suffer from high variance due to the use of importance sampling over sequences of actions (Steinberger et al., 2020; McAleer et al., 2022).</BACKGROUND> <CONTRIBUTION>To reduce this variance, we consider a fixed sampling approach, where players still update their policies over time, but with observations obtained through a given fixed sampling policy.</CONTRIBUTION> <CONTRIBUTION>Our approach is based on an adaptive Online Mirror Descent (OMD) algorithm that applies OMD locally to each information set, using individually decreasing learning rates and a regularized loss.</CONTRIBUTION> <CONTRIBUTION>We show that this approach guarantees a convergence rate of Õ(T^{-1/2}) with high probability and has a near-optimal dependence on the game parameters when applied with the best theoretical choices of learning rates and sampling policies.</CONTRIBUTION> <CONTRIBUTION>To achieve these results, we generalize the notion of OMD stabilization, allowing for time-varying regularization with convex increments.</CONTRIBUTION> </ABSTRACT>","In simple terms, the authors show how to teach AI to play games where not all information is visible by always using the same way of collecting play examples and by updating each decision point with a clever adaptive algorithm called Online Mirror Descent. This new fixed sampling method cuts down the wild swings of older techniques and lets the AI learn quickly—improving at a rate of about one over the square root of the number of plays. They also add a smart twist that lets the AI adjust its own update rules over time, making its learning even more stable.","We study how to learn ε-optimal strategies in zero-sum imperfect information games (IIG) with trajectory feedback. Existing procedures suffer from high variance due to the use of importance sampling over sequences of actions. We consider a fixed sampling approach, where players still update their policies over time.",0.56382716,26.666666666666668,4.0540540540540535,15.999999999999998,22.666666666666664
